Crime_Type,Slope,Intercept,MAE,MSE,RMSE,R2,Total_Count
"PUBLIC SAFETY (Sec.269 to 271, 277, 283, 289 IPC/271 to 273, 279,285,291 BNS)",98.35000000000001,-62.75000000000006,213.93333333333334,50486.294444444444,224.6915540122602,0.5608784332296036,3861.0
KARNATAKA STATE LOCAL ACTS - Karnataka Open Place Disfigurement Act 1951,31.1,-89.61111111111111,96.20987654320989,16633.58765432099,128.9712667779959,0.2793589478897782,593.0
Outraging modesty (Molestation) (sec.354 IPC) - Outraging modesty (Molestation) (sec.354 IPC),30.933333333333344,-103.11111111111116,91.65432098765433,14884.661728395062,122.00271197147653,0.30000000000000004,464.0
KARNATAKA STATE LOCAL ACTS - Sub Total,30.93333333333334,-51.5555555555556,174.1432098765432,78676.06913580249,280.4925473801443,0.07499999999999973,928.0
Cyber Crimes - Cyber Crimes,26.466666666666672,-88.22222222222226,78.41975308641976,10896.424691358025,104.38594106180211,0.30000000000000004,397.0
Outraging modesty (Molestation) (sec.354 IPC/74 BNS),25.01666666666667,-12.416666666666671,158.5814814814815,40344.887037037035,200.86036701409523,0.09372180651301787,1014.0
"COTPA, CIGARETTES AND OTHER TOBACCO PRODUCTS",24.11666666666667,188.63888888888886,271.6530864197531,125308.7487654321,353.98975799510373,0.03001423440952289,2783.0
CYBER CRIME (INFORMATION TECHNOLOGY ACT) - Investment Fraud( Trading & Share Trading),21.33333333333334,-71.11111111111114,63.20987654320988,7079.506172839505,84.13980135963898,0.30000000000000016,320.0
NARCOTIC DRUGS & PSYCHOTROPIC SUBSTANCES ACT - Cultivated/Processed,19.78333333333333,134.75,57.72592592592592,5103.4648148148135,71.43853872256076,0.3383008711018911,2103.0
POCSO Act,19.033333333333342,194.27777777777774,60.9925925925926,8248.461728395063,90.82104232167269,0.22648289435600577,2605.0
Cruelty by Husband or Relatives of Husband (Sec.498-A IPC) - Cruelty by Husband or Relatives of Husband (Sec.498-A IPC),16.733333333333338,-55.7777777777778,49.58024691358025,4355.624691358024,65.99715669146683,0.30000000000000004,251.0
"NEGLIGENT ACT (Sec.280 to 289, 336 to 338 except 283 IPC/282 to 291,125 to 125(b) except 285 BNS) - Rash & Negligence/Dangerous Driving",16.683333333333334,-51.75,35.562962962962956,1656.8870370370366,40.70487731263953,0.528280927074107,285.0
"KIDNAPPING AND ABDUCTION (Sec.360, 361, 363 to 369 IPC/137(1)(A),137(1)(B),137(2),140 TO 142,97 BNS) - Missing - Girl",16.416666666666668,81.36111111111111,77.71604938271606,8987.756172839507,94.80377720765934,0.1666018920670097,1471.0
"CYBER CRIME (INFORMATION TECHNOLOGY ACT) - Investment Fraud ( Part Time Job, Task, Review)",14.533333333333335,-48.44444444444445,43.06172839506173,3285.60987654321,57.320239676254054,0.29999999999999993,218.0
Cruelty by Husband or Relatives of Husband (Sec.498-A IPC/85 BNS),13.233333333333336,-7.055555555555571,83.1283950617284,11065.513580246912,105.19274490309164,0.09543654478075891,532.0
"PUBLIC NUISANCE (Sec.291 and 510 IPC/293,355 BNS)",10.866666666666667,-19.555555555555557,24.069135802469134,1074.4987654320985,32.77954797479823,0.4228488063660478,313.0
NARCOTIC DRUGS & PSYCHOTROPIC SUBSTANCES ACT - Synthetic,9.366666666666669,244.05555555555557,36.1358024691358,2123.869135802469,46.08545470972885,0.21592725946857494,2618.0
KARNATAKA STATE LOCAL ACTS - Investment Fraud (Trading & Share Trading),9.0,-15.0,50.666666666666664,6660.0,81.60882305241266,0.07499999999999996,270.0
Offences under the SC & ST  (prevention of Atrocities)Act 1989 (if the victim is SC),8.783333333333335,98.74999999999999,34.6962962962963,2201.464814814815,46.91976997828117,0.18937961978015994,1284.0
CRUELTY BY HUSBAND (Sec. 498(A) IPC/85 BNS) - Husband And Relative(S) in Law,7.849999999999999,62.305555555555564,25.216049382716047,945.4302469135803,30.747849468110452,0.302906987328867,914.0
"KARNATAKA STATE LOCAL ACTS - Investment Fraud (Part Time Job, Task, Review)",7.6,-12.666666666666668,42.78518518518518,4749.155555555554,68.91411724425957,0.07500000000000029,228.0
CONSUMER - Essential Commodities Act 1955,7.283333333333333,23.138888888888893,7.124691358024693,71.04506172839507,8.428823270682276,0.8327136627906977,536.0
CRUELTY BY HUSBAND (Sec. 498(A) IPC/85 BNS) - Husband,6.749999999999999,41.02777777777778,16.351851851851855,440.20061728395063,20.980958445312993,0.4082932293395287,673.0
CRIMES RELATED TO WOMEN - Dowry Prohibition,6.55,119.80555555555554,17.60493827160494,423.56358024691355,20.580660345258934,0.4030786763170715,1373.0
CRIMINAL INTIMIDATION (Sec. 504 to 508 IPC/352 TO 354 BNS),6.4333333333333345,236.05555555555554,22.027160493827164,950.6987654320988,30.833403403323786,0.2249426305406821,2414.0
Indecent Representation of Women(Prohibition) Act-1986,6.150000000000001,-10.19444444444445,34.48641975308642,3087.2080246913583,55.56264954707756,0.0755085253319926,185.0
Attempt to Commit murder for other reasons - Attempt to Commit murder for other reasons,6.066666666666666,-20.22222222222222,17.97530864197531,572.5135802469135,23.927256011647334,0.29999999999999993,91.0
KARNATAKA STATE LOCAL ACTS - Others,6.033333333333333,-10.055555555555554,33.96543209876543,2992.98024691358,54.70813693513589,0.07499999999999996,181.0
POCSO - Rape,5.966666666666668,194.83333333333331,13.029629629629632,245.32592592592593,15.66288370402864,0.4917280540208717,2022.0
"CYBER CRIME (INFORMATION TECHNOLOGY ACT) - OTP Frauds(KYC Update, Apk Link)",5.9333333333333345,-19.777777777777782,17.580246913580247,547.6246913580246,23.401382253149592,0.30000000000000016,89.0
KARNATAKA STATE LOCAL ACTS - Online Money Transfer,4.7666666666666675,-7.944444444444446,26.834567901234568,1868.18024691358,43.222450727759295,0.07500000000000018,143.0
CRIMINAL TRESPASS (Sec.447 to 452 IPC/329(3) TO 333 BNS) - Land,4.633333333333335,123.94444444444444,17.4,395.8691358024691,19.89646038375844,0.26553209033854075,1324.0
"NEGLIGENT ACT (Sec.280 to 289, 336 to 338 except 283 IPC/282 to 291,125 to 125(b) except 285 BNS) - Wheeling",4.133333333333334,-7.888888888888889,7.916049382716049,130.27654320987654,11.413875030412614,0.4664576802507837,115.0
"Murder (Sec.302/303 IPC/103,104 BNS) - Due to Other Causes",4.000000000000002,43.55555555555555,17.160493827160497,466.46913580246917,21.597896559676112,0.18611063243150083,572.0
Sub Total,3.7166666666666703,63.74999999999998,127.24814814814815,23827.02037037037,154.36003488717657,0.003850090428233588,741.0
RAPE (Sec.376 IPC/64 BNS) - 1.3  other Cases of Rape,3.5666666666666664,-1.6111111111111107,22.85679012345679,841.8098765432097,29.01396002863466,0.09152366233212539,146.0
"RAPE (Sec.376, 376(A) to 376 (D) IPC/64 TO 71 BNS) - Due to Other Causes",3.5,16.166666666666664,4.2592592592592595,22.111111111111114,4.702245326555295,0.7869379014989293,303.0
AFFRAY (Sec. 160 IPC/194(2) BNS),3.4833333333333343,38.80555555555555,15.366666666666665,470.6154320987655,21.69367262818275,0.14667241224928362,506.0
CRUELTY BY HUSBAND (Sec. 498(A) IPC/85 BNS) - Dowry Harassment,3.4499999999999997,26.861111111111114,10.598765432098764,172.52654320987654,13.134935980425505,0.3150352906577786,397.0
"KARNATAKA STATE LOCAL ACTS - OTP Frauds (KYC Update, Apk Link)",3.266666666666667,-5.444444444444446,18.390123456790125,877.4024691358026,29.620980219023856,0.07500000000000007,98.0
CYBER CRIME (INFORMATION TECHNOLOGY ACT) - Social Media Cases ( Instagram/Facebook/Whatsapp/X /Telegram etc.),3.2,-10.666666666666668,9.481481481481483,159.2888888888889,12.620970203945848,0.29999999999999993,48.0
Kidnapping & Abduction of Children,2.9333333333333353,239.2222222222222,168.6074074074074,33161.624691358025,182.10333520108307,0.0017268124953079278,2285.0
CYBER CRIME (INFORMATION TECHNOLOGY ACT) - Online Money Transfer,2.5500000000000007,90.36111111111111,25.038271604938263,1739.1932098765435,41.70363545155918,0.024319186070671517,928.0
Insulting modesty (Eve-Teasing) (Sec.294 & 509 IPC if victim is a woman) - Insulting modesty (Eve-Teasing) (Sec.294 & 509 IPC if victim is a woman),2.5333333333333337,-8.444444444444446,7.506172839506173,99.8320987654321,9.991601411457129,0.30000000000000016,38.0
"BURGLARY - NIGHT (Sec. 380 IPC R/W 453 TO 460, 462 IPC/305,R/W 331(1) TO 331(8),334(2) BNS) - Temple Theft",2.5166666666666675,15.305555555555552,3.646913580246913,15.20802469135802,3.8997467470796128,0.7351999140154772,251.0
Murder for other reasons - Murder for other reasons,2.466666666666667,-8.222222222222223,7.308641975308642,94.6469135802469,9.728664532208256,0.30000000000000004,37.0
Sexual Intercourse by employing deceitful means (Se 69 BNS) - False promises of marriage,2.3833333333333337,-7.3611111111111125,5.108641975308642,34.82283950617285,5.901087993427385,0.5209493885869564,41.0
KARNATAKA STATE LOCAL ACTS - Job Fraud,2.2,-3.666666666666667,12.385185185185186,397.9555555555556,19.948823412811983,0.07499999999999984,66.0
THEFT (Sec.379 to 389 IPC/303(2) TO 308(7) BNS) - House Theft,2.166666666666667,143.16666666666666,10.037037037037031,170.92592592592598,13.073864230820433,0.15476190476190455,1386.0
KARNATAKA STATE LOCAL ACTS - Social Media Cases (Instagram/Facebook/Whatsapp/X /Telegram etc),2.0666666666666664,-3.444444444444443,11.634567901234568,351.1802469135802,18.7398038120355,0.07500000000000029,62.0
CYBER CRIME (INFORMATION TECHNOLOGY ACT) - Hacking of Accounts & IDs,1.933333333333334,-6.444444444444447,5.728395061728396,58.14320987654321,7.625169498217283,0.30000000000000004,29.0
"NEGLIGENT ACT (Sec.280 to 289, 336 to 338 except 283 IPC/282 to 291,125 to 125(b) except 285 BNS) - Drink & Drive Without DL",1.8833333333333337,-3.972222222222223,1.5271604938271608,3.93395061728395,1.983418921278092,0.8573634735899731,49.0
KARNATAKA STATE LOCAL ACTS - Credit Card Fraud,1.8333333333333333,-3.0555555555555554,10.320987654320987,276.35802469135797,16.62401951067665,0.07500000000000007,55.0
Insulting modesty (Eve-Teasing) (Sec.294 & 509 IPC/296 & 79 BNS if victim is a woman),1.7666666666666668,-0.6111111111111125,11.612345679012344,221.36543209876544,14.878354482225696,0.08591965742251217,74.0
CRIMINAL BREACH OF TRUST (Sec. 406 to 409 IPC/316(2) to 316(5) BNS),1.7333333333333338,45.666666666666664,13.096296296296298,393.9703703703704,19.848686867658788,0.048380747897655896,489.0
ATTEMPT TO MURDER (Sec. 307 IPC/109BNS) - Sudden Quarrel,1.7333333333333338,19.111111111111107,4.469135802469136,26.36543209876543,5.134728045258623,0.431718999467802,250.0
"OFFENCES PROMOTING ENEMITY (Sec. 153(A), 154(B) & 505 IPC/196, 197 & 353 BNS",1.6666666666666665,3.666666666666668,4.148148148148149,29.037037037037027,5.388602512436506,0.3894080996884737,108.0
"BURGLARY - NIGHT (Sec. 380 IPC R/W 453 TO 460, 462 IPC/305,R/W 331(1) TO 331(8),334(2) BNS) - At Commercial Places / Establishments",1.6333333333333337,46.388888888888886,9.74567901234568,134.68395061728393,11.605341469223726,0.1166477732793525,491.0
THEFT (Sec.379 to 389 IPC/303(2) TO 308(7) BNS) - Servant Theft,1.6000000000000008,33.44444444444444,6.306172839506172,63.18024691358025,7.948600311600795,0.2126769230769231,373.0
"RIOTS (Sec.141 to 153 IPC/189(1) TO 189(6),191(1)TO 191(3), 190,192,195 BNS)) - Land Dispute",1.5333333333333337,79.44444444444444,10.399999999999999,189.31358024691352,13.759127161521311,0.07646350277041702,784.0
PREVENTION OF DAMAGE TO PUBLIC PROPERTY ACT 1984,1.4666666666666668,3.8888888888888875,5.777777777777778,51.8320987654321,7.199451282245898,0.2167164179104477,101.0
The Prohibition of Child Marriage Act - 2006,1.3833333333333335,10.194444444444443,6.071604938271605,63.7858024691358,7.986601434223183,0.16666935483870993,154.0
Immoral Traffic (prevention) Act. - Immoral Traffic (prevention) Act.,1.3333333333333337,-4.444444444444446,3.9506172839506175,27.654320987654316,5.258737584977436,0.30000000000000016,20.0
KARNATAKA STATE LOCAL ACTS - Digital Arrest,1.3,-2.166666666666667,7.31851851851852,138.95555555555558,11.787941107570719,0.07499999999999984,39.0
SCHEDULED CASTE AND THE SCHEDULED TRIBES - Scheduled Caste Women,1.216666666666667,36.916666666666664,4.096296296296297,23.68703703703704,4.866933021630464,0.29409492273730675,387.0
ANIMAL - Sub Total,1.2000000000000002,1.9999999999999991,13.955555555555556,502.3999999999999,22.41428116179504,0.018750000000000155,72.0
Rape,1.166666666666667,6.277777777777776,2.691358024691359,15.246913580246918,3.9047296424012403,0.37309644670050757,109.0
IMMORAL TRAFFIC - Organised,1.15,13.13888888888889,5.4567901234567895,51.726543209876546,7.192116740562304,0.14562601957585652,170.0
KARNATAKA STATE LOCAL ACTS - Fake Customer Care,1.1,-1.8333333333333335,6.192592592592593,99.4888888888889,9.974411706405991,0.07499999999999984,33.0
Kidnapping,1.0833333333333337,2.916666666666665,3.1111111111111116,15.50925925925926,3.9381796885438405,0.33531746031746035,75.0
Abetment of Suicide (Sec.306 IPC) - Abetment of Suicide (Sec.306 IPC),1.0666666666666667,-3.5555555555555554,3.160493827160494,17.698765432098767,4.206990067981949,0.29999999999999993,16.0
Offences against Public Servants (Sec.182-188-333-353 IPC) - Offences against Public Servants (Sec.182-188-333-353 IPC),1.0666666666666667,-3.5555555555555554,3.160493827160494,17.698765432098767,4.206990067981949,0.29999999999999993,16.0
KARNATAKA STATE LOCAL ACTS - Karnataka Prevention of Slaughter and Preservation of Cattle Act 2020,1.0666666666666667,16.444444444444446,6.335802469135803,101.2543209876543,10.062520608061098,0.06969147005444654,196.0
"WRONGFUL RESTRAINT/CONFINEMENT (Sec.341 to 348 IPC/126(2),127(2)-127(8) BNS) - Others",1.016666666666667,31.694444444444443,6.64567901234568,52.39320987654323,7.238315403223545,0.11623281965847532,331.0
Sexual Intercourse by employing deceitful means (Sec 69 BNS) - False promises of marriage,1.0000000000000007,-0.4444444444444482,6.419753086419752,66.46913580246911,8.152860590152951,0.0911546252532075,41.0
ANIMAL - The Karnataka Prevention of Slaughter and Preservation of Cattle Ordinance 2020,0.9999999999999999,7.111111111111112,3.259259259259259,16.76543209876543,4.094561282819617,0.28451001053740765,109.0
CHILDREN ACT - Child Marriage (Restraint) Act - 1929,0.9833333333333334,13.86111111111111,4.814814814814814,35.94876543209877,5.995728932506769,0.15205299941758876,169.0
KARNATAKA STATE LOCAL ACTS - Karnataka Forest Act 1963,0.9000000000000002,-0.055555555555556246,1.4271604938271603,2.8469135802469125,1.687279935353619,0.6547904191616768,40.0
FOREIGNER - Foreigners Act 1946,0.8833333333333336,3.8055555555555536,3.8518518518518525,21.415432098765436,4.627681071418539,0.19543135435992565,74.0
"FAILURE TO APPEAR TO COURT (Sec.174A, 229A IPC/209,269 BNS) - IPC 229 A/BNS 269",0.8833333333333332,91.13888888888889,74.44567901234568,13845.045061728399,117.66496956073374,0.0003755782755575643,860.0
"THEFT (Sec.379 to 389 IPC/303(2) TO 308(7) BNS) - Electronic Goods (Radio, TV, VCR, Acs, Office Automation Equipments)",0.8666666666666671,80.55555555555554,9.674074074074078,115.09135802469135,10.728064038990974,0.04169407894736854,764.0
COMMUNAL / RELIGION (Sec. 295 to 297 IPC/298 TO 301 BNS) - Communal Issue,0.866666666666667,0.9999999999999982,2.0296296296296297,6.77037037037037,2.6019935377264813,0.42515723270440253,48.0
THEFT (Sec.379 to 389 IPC/303(2) TO 308(7) BNS) - Of Cattle,0.8666666666666669,42.44444444444444,6.439506172839506,51.38765432098765,7.168518279322977,0.08879159369527156,421.0
THEFT (Sec.379 to 389 IPC/303(2) TO 308(7) BNS) - Of Cultrual - Others,0.8500000000000002,17.63888888888889,3.1543209876543212,13.059876543209876,3.6138451188740612,0.2694406077348065,197.0
"Robbery (Sec.392 to 394 IPC/309(4),309(5),309(6) BNS) - In Other Places",0.8166666666666669,23.583333333333336,3.744444444444444,18.664814814814815,4.3202794834147955,0.19238782051282055,249.0
PORNOGRAPHY (Sec.292 to 294 IPC/294 TO 296 BNS) - Others,0.8166666666666667,-1.7499999999999996,1.488888888888889,3.10925925925926,1.7633091785785215,0.5884803921568627,21.0
SCHEDULED CASTE AND THE SCHEDULED TRIBES - Scheduled Tribes,0.7666666666666669,21.277777777777775,4.269135802469137,22.84691358024692,4.779844514233378,0.14640221402214004,226.0
Abetment of Suicide (Sec.306 IPC/108 BNS),0.7499999999999999,-0.7499999999999996,4.166666666666667,32.25,5.678908345800274,0.10416666666666663,27.0
KARNATAKA STATE LOCAL ACTS - Business Fraud,0.7333333333333334,-1.2222222222222223,4.128395061728395,44.21728395061728,6.649607804270661,0.07500000000000007,22.0
Pettry Organised Crimes - Unauthorised Betting/Gambling,0.7166666666666668,-2.250000000000001,1.503703703703704,3.0203703703703706,1.737921278530869,0.5313218390804597,12.0
KARNATAKA STATE LOCAL ACTS - OLX Fraud,0.7000000000000002,-1.1666666666666674,3.940740740740741,40.28888888888889,6.347352904076541,0.07500000000000018,21.0
Child Labour (Pro.& Reg.) Act,0.6666666666666669,3.222222222222221,4.444444444444445,24.839506172839506,4.98392477600129,0.10657193605683823,59.0
SCHEDULED CASTE AND THE SCHEDULED TRIBES - Scheduled Tribes Women,0.65,7.638888888888889,4.307407407407407,23.504320987654314,4.848125512778553,0.10701219512195159,98.0
"OFFENCES AGAINST PUBLIC SERVANTS (Public servant is a victim) (Sec 182-188, 332, 333, 353 IPC/217-223,121(1),121(2), 132 BNS) - Other Govt. Official",0.6166666666666669,36.47222222222222,4.839506172839506,33.26728395061728,5.767779811211354,0.07081034482758619,356.0
Disobedience to Order Promulgated by Public/Servant - Sub Total,0.5833333333333335,-1.3611111111111118,2.4629629629629632,9.75617283950617,3.123487288193466,0.18865503080082147,14.0
"Offences against Public Servants  (Sec 182-188,332,333,353IPC/217-223,121(1),121(2),132 BNS)",0.5833333333333334,-0.3611111111111116,3.5864197530864192,20.645061728395063,4.543683717909408,0.09900323275862055,23.0
"MISCHIEF (Sec.427 to 440 except 434, 435, 436, 438 IPC/324(4) TO 324(6) BNS)",0.5833333333333333,36.41666666666667,4.962962962962964,33.509259259259274,5.788718274303844,0.06340579710144878,354.0
"FORGERY (Sec. 465, 468, 471, 473, 476, 477 & 477(A) IPC/336(2),336(3),340(2),341(2),342(2),343,
344 BNS) - Forgery",0.5333333333333334,35.0,3.0666666666666678,11.659259259259263,3.4145657497344026,0.13989071038251355,339.0
Dowry Death-by other Means (Sec.304(B) IPC/80 BNS),0.5166666666666667,-0.4722222222222223,2.939506172839506,15.208024691358023,3.899746747079613,0.10476017441860475,19.0
THEFT (Sec.379 to 389 IPC/303(2) TO 308(7) BNS) - Of Mines,0.5000000000000001,3.944444444444444,2.716049382716049,11.469135802469134,3.3866112564729267,0.12687969924812026,58.0
"BURGLARY - DAY (Sec. 380 IPC R/W 453 TO 460, 462 IPC/305,R/W 331(1) TO 331(8), 334(2) BNS) - At Residential Premises",0.4833333333333335,78.02777777777777,5.719753086419754,46.02283950617286,6.784013524910815,0.03273222625843242,724.0
CRUELTY BY HUSBAND (Sec. 498(A) IPC/85 BNS) - Relative(S) in Law,0.48333333333333345,0.47222222222222143,1.2345679012345678,2.0969135802469134,1.448072367061437,0.4261824324324325,26.0
ARMS ACT 1961 - Country Made - Prohibited Bore - In Disturbed Area,0.4833333333333334,-0.6388888888888893,0.6271604938271605,0.8376543209876542,0.9152345715649373,0.6502577319587629,16.0
"BURGLARY - DAY (Sec. 380 IPC R/W 453 TO 460, 462 IPC/305,R/W 331(1) TO 331(8), 334(2) BNS) - In Other Places",0.4666666666666668,1.2222222222222214,0.9530864197530864,1.4617283950617284,1.2090196007764837,0.49830508474576274,32.0
"BURGLARY - NIGHT (Sec. 380 IPC R/W 453 TO 460, 462 IPC/305,R/W 331(1) TO 331(8),334(2) BNS) - At Banks",0.46666666666666673,0.5555555555555554,1.0123456790123457,1.3135802469135804,1.1461152851757892,0.5249999999999999,26.0
CYBER CRIME (INFORMATION TECHNOLOGY ACT) - Advertising Frauds,0.45000000000000007,2.305555555555555,2.417283950617284,9.341358024691356,3.056363529538225,0.12627020785219423,41.0
THEFT (Sec.379 to 389 IPC/303(2) TO 308(7) BNS) - Of Automobiles - Of Cars / Jeeps,0.45,18.194444444444443,3.159259259259259,18.452469135802474,4.29563372924211,0.06817331670822913,184.0
Murder,0.4333333333333335,2.4999999999999996,1.6000000000000003,3.859259259259259,1.96449974783894,0.24492753623188412,42.0
KARNATAKA STATE LOCAL ACTS - Matrimony Fraud,0.4333333333333333,-0.7222222222222221,2.439506172839506,15.439506172839508,3.9293137025235727,0.07499999999999984,13.0
KARNATAKA STATE LOCAL ACTS - Loan App,0.4333333333333333,-0.7222222222222221,2.439506172839506,15.439506172839508,3.9293137025235727,0.07499999999999984,13.0
KARNATAKA STATE LOCAL ACTS - Hacking of Accounts & Ids,0.4333333333333333,-0.7222222222222221,2.439506172839506,15.439506172839508,3.9293137025235727,0.07499999999999984,13.0
Kidnapping & Abduction of Women: (Sec.366 IPC/87 BNS),0.4166666666666668,-0.19444444444444509,2.660493827160494,11.385802469135804,3.374285475346715,0.09227362204724388,17.0
DEATHS DUE TO RASHNESS/NEGLIGENCE (Sec.304(A) IPC/106 BNS) - Electrocution,0.41666666666666674,0.1388888888888884,1.0,1.6820987654320985,1.2969575033254168,0.40760869565217406,20.0
MOLESTATION (Sec.354 IPC/74 BNS) - Public Conveyance,0.4,-0.8888888888888888,0.7209876543209878,0.8098765432098766,0.8999314102807372,0.5684210526315789,10.0
CHILDREN ACT - Child Labour (Prohibition & Regulation) Act1986,0.3666666666666668,5.388888888888888,3.933333333333334,21.720987654320986,4.660578038647244,0.03962882096069864,65.0
"Robbery (Sec.392 to 394 IPC/309(4),309(5),309(6) BNS) - Attempt to Commit",0.36666666666666675,2.166666666666666,1.333333333333333,2.2148148148148143,1.4882253911336194,0.2880952380952382,36.0
"Murder (Sec.302/303 IPC/103,104 BNS) - Sudden Quarrel",0.3333333333333334,6.444444444444444,2.3950617283950617,9.1358024691358,3.022549001941209,0.0750000000000004,73.0
EXPOSURE AND ABANDONMENT OF CHILD (Sec.317 IPC/93 BNS) - Girl,0.3333333333333334,1.6666666666666663,1.3333333333333333,2.3703703703703702,1.539600717839002,0.23809523809523814,30.0
"NEGLIGENT ACT (Sec.280 to 289, 336 to 338 except 283 IPC/282 to 291,125 to 125(b) except 285 BNS) - Animal -Related",0.3333333333333334,3.5555555555555554,1.6296296296296298,3.8765432098765427,1.9688939051854832,0.1604278074866311,47.0
ANIMAL - Prevention of Cruelty to Animals Act 1960,0.3333333333333333,20.88888888888889,6.123456790123456,92.61728395061726,9.62378740156999,0.007934408886538069,203.0
"Robbery (Sec.392 to 394 IPC/309(4),309(5),309(6) BNS) - At Commercial Places / Establishments",0.3166666666666667,2.194444444444444,1.6925925925925926,5.2820987654320986,2.2982816984504093,0.11234439834024901,34.0
THEFT (Sec.379 to 389 IPC/303(2) TO 308(7) BNS) - Government Office,0.3166666666666667,1.8611111111111112,1.5345679012345679,2.9117283950617283,1.7063787372859895,0.18672413793103448,31.0
ARMS ACT 1960 - Country Made - Non Prohibited Bore - In Other Area,0.31666666666666665,12.083333333333332,2.7333333333333334,9.331481481481482,3.0547473678655463,0.06685185185185172,123.0
INSULTING MODESTY OF WOMEN (EVE TEASING) (Sec.509 IPC/79 BNS) - Public Place,0.3166666666666666,11.86111111111111,1.933333333333334,4.91172839506173,2.2162419531860076,0.11980088495575192,121.0
Exposure & abandonment (Sec. 317 IPC/93 BNS),0.30000000000000004,-0.2777777777777779,1.7012345679012346,5.128395061728395,2.2645960040873505,0.10474137931034477,11.0
ATTEMPT TO MURDER (Sec. 307 IPC/109BNS) - Over Property Dispute,0.30000000000000004,5.166666666666667,1.9111111111111114,4.955555555555557,2.2261077142752,0.10799999999999987,60.0
"BURGLARY - DAY (Sec. 380 IPC R/W 453 TO 460, 462 IPC/305,R/W 331(1) TO 331(8), 334(2) BNS) - Temple Theft",0.2833333333333335,-0.08333333333333415,0.774074074074074,0.798148148148148,0.8933913745655641,0.4013888888888889,12.0
DEATHS DUE TO RASHNESS/NEGLIGENCE (Sec.304(A) IPC/106 BNS) - Improper Infrastucture In Construction,0.2833333333333335,4.916666666666666,1.1962962962962962,1.687037037037037,1.2988598989256066,0.24083333333333345,57.0
Giving false information respecting an offence committed - Giving false information respecting an offence committed,0.28333333333333344,1.2499999999999993,2.125925925925926,11.464814814814817,3.3859732448462756,0.04459876543209873,24.0
Disobedience to Order Promulgated by Public/Servant - By Private Institution,0.28333333333333344,-0.19444444444444486,1.6728395061728396,4.082098765432099,2.0204204427376244,0.11590909090909085,11.0
Disobedience to Order Promulgated by Public/Servant - By Govt. Institution,0.28333333333333344,-0.305555555555556,0.8481481481481481,1.1191358024691358,1.0578921506794234,0.32350746268656716,10.0
"BURGLARY - DAY (Sec. 380 IPC R/W 453 TO 460, 462 IPC/305,R/W 331(1) TO 331(8), 334(2) BNS) - At Commercial Places / Establishments",0.26666666666666666,1.777777777777778,1.05679012345679,1.4024691358024692,1.1842588972865982,0.2526315789473683,28.0
KARNATAKA STATE LOCAL ACTS - MMRD (Mines & Minerals Regulation Development ) Act 1957,0.2500000000000001,6.861111111111111,3.432098765432099,13.904320987654321,3.7288498210110745,0.02909482758620685,73.0
"ARSON (Sec. 435, 436, 438 IPC/326(f),326(g),327(g) BNS) - Dwelling House",0.25,0.3055555555555556,0.6296296296296297,0.49691358024691357,0.7049209744694178,0.45608108108108103,14.0
ARMS ACT 1959 - Country Made - Non Prohibited Bore - In Disturbed Area,0.21666666666666667,0.4722222222222221,0.5148148148148148,0.3783950617283951,0.6151382460296182,0.4526785714285714,14.0
MOLESTATION (Sec.354 IPC/74 BNS) - Attempt to Commit,0.2000000000000001,4.444444444444445,1.6938271604938273,3.758024691358025,1.9385625322279456,0.06625766871165639,49.0
ARMS ACT 1962 - Country Made - Prohibited Bore - In Other Area,0.20000000000000004,9.555555555555555,2.9185185185185185,13.980246913580247,3.739016837830534,0.01871750433275543,95.0
"KIDNAPPING AND ABDUCTION (Sec.360, 361, 363 to 369 IPC/137(1)(A),137(1)(B),137(2),140 TO 142,97 BNS) - For Ransom - of Women",0.20000000000000004,0.2222222222222221,0.508641975308642,0.3506172839506172,0.592129448643299,0.43200000000000016,11.0
KARNATAKA STATE LOCAL ACTS - Karnataka Minor Mineral Consistent Rule 1994,0.18333333333333338,0.7499999999999999,1.2925925925925925,1.9981481481481482,1.413558682244267,0.10083333333333311,15.0
THEFT (Sec.379 to 389 IPC/303(2) TO 308(7) BNS) - Of Cultural - Idols,0.18333333333333335,0.19444444444444442,0.808641975308642,0.9858024691358024,0.992875857867338,0.18520408163265312,10.0
"WRONGFUL RESTRAINT/CONFINEMENT (Sec.341 to 348 IPC/126(2),127(2)-127(8) BNS) - Attempt to Commit",0.1666666666666667,2.0555555555555554,0.9135802469135802,1.2469135802469136,1.11665284679121,0.1293103448275863,26.0
DEATHS DUE TO RASHNESS/NEGLIGENCE (Sec.304(A) IPC/106 BNS) - Electrocution Accident,0.1666666666666667,2.388888888888889,1.382716049382716,3.3209876543209877,1.8223577185396362,0.052816901408450745,29.0
"RAPE (Sec.376, 376(A) to 376 (D) IPC/64 TO 71 BNS) - Unknown Person",0.15000000000000008,1.0277777777777772,1.176543209876543,2.2450617283950622,1.4983530052678047,0.06262886597938133,16.0
ATTEMPT TO CULPABLE HOMICIDE NOT AMOUNTING TO MURDER (Sec. 308 IPC/110 BNS) - Due to Other Causes,0.15000000000000002,4.138888888888889,2.6407407407407413,10.170987654320989,3.189198591232755,0.014533492822966343,44.0
ATTEMPT TO MURDER (Sec. 307 IPC/109BNS) - Love Intrigue,0.1333333333333334,1.333333333333333,0.9481481481481482,1.4370370370370371,1.1987647963787713,0.07619047619047614,18.0
FOREST - Forest (Conservation) Act 1980,0.1333333333333334,0.4444444444444442,0.7604938271604937,0.8691358024691358,0.9322745317068014,0.1200000000000001,10.0
THEFT (Sec.379 to 389 IPC/303(2) TO 308(7) BNS) - Cash,0.13333333333333328,42.111111111111114,4.962962962962962,33.16543209876543,5.758943661711358,0.0035608308605342698,385.0
ATTEMPT TO MURDER (Sec. 307 IPC/109BNS) - Adultery,0.1166666666666667,0.5277777777777777,0.7407407407407407,0.8969135802469137,0.9470552149937794,0.09187499999999993,10.0
"Robbery (Sec.392 to 394 IPC/309(4),309(5),309(6) BNS) - On Highways",0.11666666666666667,4.972222222222222,2.34320987654321,8.378395061728394,2.8945457435888615,0.010714285714285898,50.0
MOLESTATION (Sec.354 IPC/74 BNS) - Private Place,0.10000000000000013,77.27777777777777,10.792592592592591,138.9950617283951,11.789616691326104,0.0004794034090906951,700.0
"Murder (Sec.302/303 IPC/103,104 BNS) - Love Intrigue",0.10000000000000006,1.3888888888888884,1.4098765432098763,2.6987654320987655,1.6427919625134417,0.024107142857142883,17.0
OF ABETMENT (Sec.107 to 120 IPC/45-60 BNS),0.10000000000000005,1.1666666666666665,1.0074074074074073,1.2666666666666666,1.1254628677422756,0.04999999999999993,15.0
COMMUNAL / RELIGION (Sec. 295 to 297 IPC/298 TO 301 BNS) - Others,0.09999999999999995,7.055555555555555,2.5283950617283946,10.40246913580247,3.225285899854844,0.006367924528301816,68.0
KARNATAKA STATE LOCAL ACTS - Karnataka Cow Slaughters Act,0.0999999999999999,17.055555555555557,3.160493827160494,18.402469135802477,4.289809918376626,0.0036096256684488015,158.0
"DACOITY (Sec. 395 to 398 IPC/310(2),310(4),311,312 BNS) - On Other Roads",0.08333333333333336,2.9166666666666665,1.351851851851852,2.6203703703703702,1.618755809370385,0.01736111111111116,30.0
ATTEMPT TO MURDER (Sec. 307 IPC/109BNS) - For Gain,0.08333333333333333,1.4722222222222223,0.6234567901234568,0.7191358024691358,0.8480187512485415,0.06048387096774199,17.0
DOWRY DEATHS (Sec.304(B) IPC/80 BNS) - By Hanging,0.0666666666666667,4.666666666666666,1.5407407407407407,3.3037037037037043,1.8176093374825362,0.008888888888888724,45.0
DEATHS DUE TO RASHNESS/NEGLIGENCE (Sec.304(A) IPC/106 BNS) - Death Due to Other Cause,0.06666666666666667,4.888888888888889,1.2790123456790123,2.1432098765432097,1.4639705859556091,0.01363636363636378,47.0
Explosives - Explosives Act 1884,0.05,3.75,1.5555555555555556,3.5388888888888888,1.8811934746029948,0.004687500000000067,36.0
"Murder (Sec.302/303 IPC/103,104 BNS) - Due to Personal Vendetta or enemity",0.049999999999999975,2.75,1.3555555555555552,2.6499999999999995,1.6278820596099706,0.0062500000000002,27.0
KARNATAKA STATE LOCAL ACTS - Karnataka Prohibition of Beggery Act 1975,0.04999999999999995,5.972222222222222,7.196296296296296,63.489506172839505,7.968030256772342,0.00026244167962685694,56.0
COMMUNAL / RELIGION (Sec. 295 to 297 IPC/298 TO 301 BNS) - Regional Issue,0.03333333333333335,1.5,1.037037037037037,1.5481481481481483,1.2442460159261706,0.004761904761904745,15.0
EXPOSURE AND ABANDONMENT OF CHILD (Sec.317 IPC/93 BNS) - Boy,0.016666666666666687,2.361111111111111,1.251851851851852,2.689506172839506,1.6399713939089018,0.0006880733944956141,22.0
"OFFENCES AGAINST PUBLIC SERVANTS (Public servant is a victim) (Sec 182-188, 332, 333, 353 IPC/217-223,121(1),121(2), 132 BNS) - Jail Personnel",0.016666666666666687,1.0277777777777777,0.6283950617283951,0.7635802469135803,0.8738307884903005,0.0024193548387096975,10.0
"DEATHS-MISCARRIAGE (Sec.312, 313, 314 IPC/88,89,90 BNS) - Child",0.016666666666666687,1.472222222222222,1.15679012345679,1.8006172839506174,1.3418708149261678,0.001027397260273899,14.0
INSULTING MODESTY OF WOMEN (EVE TEASING) (Sec.509 IPC/79 BNS) - Office,0.016666666666666673,1.25,0.8814814814814815,1.3314814814814815,1.1538983843829063,0.001388888888888773,12.0
Death of Children due to miscarriage,0.0166666666666666,1.6944444444444446,1.3543209876543212,2.3932098765432093,1.5470002833041787,0.0007731958762889901,16.0
Exposure & abandonment (Sec. 317 IPC),2.866583523299506e-17,4.222222222222222,2.864197530864198,11.283950617283951,3.3591592128513277,0.0,38.0
"ASSAULT (Sec 356, 357 IPC/134,135 BNS) - On Man (General)",1.433291761649753e-17,1.3333333333333333,0.6666666666666666,0.6666666666666667,0.816496580927726,-2.220446049250313e-16,12.0
"DACOITY (Sec. 395 to 398 IPC/310(2),310(4),311,312 BNS) - In Other Places",0.0,2.3333333333333335,0.8888888888888888,1.1111111111111112,1.0540925533894598,0.0,21.0
"OFFENCES RELATED TO MARRIAGE (Sec.493 to 498 IPC/81,84 BNS)",0.0,3.6666666666666665,0.5925925925925927,0.4444444444444444,0.6666666666666666,0.0,33.0
CRIMINAL BREACH OF TRUST (Sec. 406 to 409 IPC/316(2) to 316(5) BNS) - CRIMINAL BREACH OF TRUST (Sec. 406 to 409 IPC/316(2) to 316(5) BNS),0.0,6.666666666666667,11.851851851851853,355.55555555555554,18.856180831641268,0.0,60.0
"OFFENCES PROMOTING ENEMITY (Sec. 153(A), 154(B) & 505 IPC/196, 197 & 353 BNS - OFFENCES PROMOTING ENEMITY (Sec. 153(A), 154(B) & 505 IPC/196, 197 & 353 BNS",-1.1466334093198023e-16,4.88888888888889,8.69135802469136,191.2098765432099,13.827865943203596,-2.220446049250313e-16,44.0
"CHEATING (Sec.417 to 420 IPC/318(2)to 318(4), 319(2) BNS) - CHEATING (Sec.417 to 420 IPC/318(2)to 318(4), 319(2) BNS)",-9.173067274558418e-16,52.22222222222223,92.8395061728395,21817.283950617286,147.7067498478566,0.0,470.0
"DACOITY (Sec. 395 to 398 IPC/310(2),310(4),311,312 BNS) - On Highways",-0.01666666666666666,1.6388888888888888,0.8395061728395061,0.9117283950617286,0.9548446968286145,0.002027027027026951,14.0
"DACOITY (Sec. 395 to 398 IPC/310(2),310(4),311,312 BNS) - At Residential Premises",-0.01666666666666666,2.0833333333333335,0.6851851851851852,1.1092592592592594,1.0532137766186214,0.0016666666666665941,18.0
POCSO - Others,-0.016666666666666916,92.63888888888889,8.624691358024691,127.3561728395062,11.285219219824938,1.454051958105218e-05,833.0
THEFT (Sec.379 to 389 IPC/303(2) TO 308(7) BNS) - Communication And Elec. Wire,-0.03333333333333332,22.27777777777778,2.5580246913580247,10.758024691358024,3.2799427878178036,0.0006880733944953921,199.0
"Murder (Sec.302/303 IPC/103,104 BNS) - Due to Sexual jealousy",-0.03333333333333333,2.1666666666666665,1.3555555555555554,2.437037037037037,1.5611012257496428,0.00303030303030305,18.0
CRIMINAL TRESPASS (Sec.447 to 452 IPC/329(3) TO 333 BNS) - Office,-0.03333333333333335,5.5,1.037037037037037,1.5481481481481485,1.2442460159261706,0.004761904761904412,48.0
Concealment of birth by secret disposal of Child - Girl,-0.033333333333333375,2.055555555555556,1.1802469135802471,2.31358024691358,1.5210457741020091,0.0031914893617021045,17.0
ARMS ACT 1964 - Factory Made - Non Prohibited Bore - In Other Area,-0.049999999999999996,2.8055555555555554,0.9049382716049384,1.1191358024691358,1.0578921506794234,0.014673913043478093,23.0
"RAPE (Sec.376, 376(A) to 376 (D) IPC/64 TO 71 BNS) - By Relatives",-0.05,3.25,1.1333333333333333,1.7611111111111108,1.327068615826292,0.009375000000000133,27.0
"Murder (Sec.302/303 IPC/103,104 BNS) - For gain",-0.06666666666666667,3.111111111111111,0.9481481481481482,1.2543209876543209,1.1199647260759247,0.023076923076923106,25.0
"CYBER CRIME (INFORMATION TECHNOLOGY ACT) - Information Technology Act 2000, 2009",-0.0666666666666667,12.777777777777779,4.004938271604939,38.21728395061728,6.18201293678825,0.0007746933505489162,112.0
KARNATAKA STATE LOCAL ACTS - Karnataka Land & Revenue Act 1964 & 2007,-0.0666666666666667,3.888888888888889,1.4469135802469135,3.3283950617283953,1.824388955713226,0.008823529411764675,32.0
"FAILURE TO APPEAR TO COURT (Sec.174A, 229A IPC/209,269 BNS) - IPC 174 A/BNS 209",-0.08333333333333401,34.63888888888889,30.086419753086414,2309.2376543209875,48.05452792735548,2.0047901118425138e-05,308.0
THEFT (Sec.379 to 389 IPC/303(2) TO 308(7) BNS) - At ATM,-0.09999999999999995,2.833333333333333,1.237037037037037,2.155555555555556,1.4681810363696828,0.029999999999999916,21.0
KARNATAKA STATE LOCAL ACTS - Karnataka Money Lender Act 1961,-0.1,2.388888888888889,1.2765432098765432,2.698765432098765,1.6427919625134417,0.02410714285714277,17.0
CRIMINAL TRESPASS (Sec.447 to 452 IPC/329(3) TO 333 BNS) - Prohibited Places,-0.10000000000000002,1.6111111111111112,0.6567901234567901,0.6987654320987653,0.8359219055024012,0.08709677419354855,10.0
"CRIMINAL CONSPIRACY (Sec. 120(B), 121(A) IPC/61(2),148 BNS) - Others",-0.10000000000000003,1.9444444444444446,0.8938271604938272,1.069135802469136,1.0339902332561637,0.058695652173912816,13.0
KARNATAKA STATE LOCAL ACTS - Banning of Unregulated Deposit Schemes Act,-0.10000000000000005,2.166666666666667,1.8444444444444446,5.044444444444445,2.245984070389736,0.01304347826086949,15.0
"Murder (Sec.302/303 IPC/103,104 BNS) - Over Property Dispute",-0.10000000000000005,2.3888888888888893,0.6567901234567901,0.6987654320987654,0.8359219055024012,0.08709677419354844,17.0
THEFT (Sec.379 to 389 IPC/303(2) TO 308(7) BNS) - Of Automobiles - Of Lorries/Trucks,-0.11666666666666667,10.805555555555555,2.8098765432098767,12.304320987654322,3.507751557287705,0.007320717131473975,92.0
"WRONGFUL RESTRAINT/CONFINEMENT (Sec.341 to 348 IPC/126(2),127(2)-127(8) BNS) - To Extort Property",-0.11666666666666674,2.916666666666667,1.085185185185185,1.4648148148148148,1.2102953419784837,0.05833333333333335,21.0
"SUICIDE (Sec.305, 306, 309 IPC/107,108 BNS) - Abetment of Suicide",-0.13333333333333328,31.88888888888889,3.723456790123456,18.720987654320982,4.326775664894239,0.006290956749672616,281.0
"NEGLIGENT ACT (Sec.280 to 289, 336 to 338 except 283 IPC/282 to 291,125 to 125(b) except 285 BNS) - Poisonous Substance - Related",-0.13333333333333333,1.7777777777777777,0.982716049382716,1.3135802469135804,1.1461152851757892,0.082758620689655,10.0
"ESCAPE FROM LAWFUL CUSTODY AND RESISTANCE (Sec.224, 225, 225(B) IPC/262,263,265 BNS) - From Police Custody",-0.1333333333333334,1.8888888888888893,1.1555555555555554,1.832098765432099,1.3535504295858722,0.060759493670885845,11.0
ATTEMPT TO MURDER (Sec. 307 IPC/109BNS) - For Dowry other Means,-0.15000000000000005,2.6388888888888893,1.0876543209876541,1.9487654320987657,1.3959818881700312,0.07147058823529417,17.0
KARNATAKA STATE LOCAL ACTS - Karnataka Prisoners Act 1963 & 1974,-0.15000000000000008,5.083333333333334,2.081481481481481,6.072222222222222,2.4641879437701624,0.024107142857142883,39.0
"RAPE (Sec.376, 376(A) to 376 (D) IPC/64 TO 71 BNS) - Attempt to Commit",-0.16666666666666666,2.1666666666666665,0.7037037037037037,0.7037037037037037,0.8388704928078611,0.20833333333333337,12.0
"RAPE (Sec.376, 376(A) to 376 (D) IPC/64 TO 71 BNS) - By a Gang",-0.16666666666666666,1.9444444444444444,0.54320987654321,0.3580246913580247,0.5983516452371671,0.34090909090909094,10.0
"RIOTS (Sec.141 to 153 IPC/189(1) TO 189(6),191(1)TO 191(3), 190,192,195 BNS)) - Due to Village Disputes",-0.1666666666666667,1.9444444444444446,1.074074074074074,1.691358024691358,1.3005222123021805,0.09868421052631571,10.0
"KIDNAPPING AND ABDUCTION (Sec.360, 361, 363 to 369 IPC/137(1)(A),137(1)(B),137(2),140 TO 142,97 BNS) - For Ransom - of  Others",-0.1666666666666667,6.722222222222223,2.0246913580246915,8.135802469135804,2.852332811776319,0.022255192878338104,53.0
CYBER CRIME (INFORMATION TECHNOLOGY ACT) - Matrimony Fraud,-0.18333333333333335,9.138888888888888,2.4111111111111114,10.170987654320989,3.189198591232755,0.021555819477434568,74.0
Concealment of birth by secret disposal of Child - Boy,-0.18333333333333335,3.0277777777777777,1.062962962962963,2.096913580246914,1.4480723670614373,0.09654255319148919,19.0
"KARNATAKA STATE LOCAL ACTS - Prevention of violence against Doctors, Medical professionals and Medical institutions",-0.18333333333333338,2.027777777777778,0.5839506172839507,0.5413580246913581,0.7357703613841469,0.29274193548387095,10.0
"NEGLIGENT ACT (Sec.280 to 289, 336 to 338 except 283 IPC/282 to 291,125 to 125(b) except 285 BNS) - Inflammable Substance- Related",-0.1833333333333334,2.805555555555556,0.9469135802469135,1.2080246913580244,1.0991017656968913,0.15646551724137947,17.0
Procuration of Minor Girls - For Other Purposes,-0.18333333333333343,2.2500000000000004,1.1851851851851851,1.7759259259259261,1.3326387079497302,0.11203703703703694,12.0
IMMORAL TRAFFIC - Un-Organised,-0.1999999999999999,10.444444444444445,5.061728395061729,29.313580246913585,5.414201718343489,0.009015025041736124,85.0
Explosives - Explosives Substances Act 1908,-0.1999999999999999,4.777777777777777,1.7975308641975307,5.683950617283951,2.3841037345895733,0.044813278008298596,34.0
COMMUNAL / RELIGION (Sec. 295 to 297 IPC/298 TO 301 BNS) - Religious Issue,-0.19999999999999998,9.555555555555555,2.4839506172839503,7.758024691358025,2.785323085632621,0.033230769230769286,77.0
CYBER CRIME (INFORMATION TECHNOLOGY ACT) - Data Theft,-0.20000000000000004,5.777777777777778,2.241975308641975,7.239506172839506,2.6906330431404997,0.03552631578947374,43.0
"WRONGFUL RESTRAINT/CONFINEMENT (Sec.341 to 348 IPC/126(2),127(2)-127(8) BNS) - To settle Dispute",-0.20000000000000007,2.5555555555555562,0.8592592592592592,1.3135802469135804,1.1461152851757892,0.16874999999999996,14.0
THEFT (Sec.379 to 389 IPC/303(2) TO 308(7) BNS) - Attempt to commit,-0.2333333333333334,5.388888888888889,1.7012345679012344,3.587654320987655,1.8941104299875589,0.09187499999999993,38.0
"COUNTERFEITING (Sec. 231 to 263 (A), 489(A) to 489 (E) IPC/178 TO 185 BNS) - Of Currency Notes And Bank Notes (Sec. 489 (A) to 489 (E) IPC)",-0.24999999999999997,3.0277777777777777,1.6419753086419755,3.756172839506173,1.9380848380569342,0.0998520710059172,16.0
"NEGLIGENT ACT (Sec.280 to 289, 336 to 338 except 283 IPC/282 to 291,125 to 125(b) except 285 BNS) - Explosive/Explosive Substances - Related",-0.25000000000000006,3.1388888888888893,0.6790123456790123,0.5709876543209877,0.7556372504853025,0.421875,17.0
CYBER CRIME (INFORMATION TECHNOLOGY ACT) - Sextortion and Revenge Porn,-0.25000000000000006,9.25,3.4444444444444446,16.25,4.031128874149275,0.025000000000000022,72.0
THEFT (Sec.379 to 389 IPC/303(2) TO 308(7) BNS) - In Running Train,-0.2500000000000001,5.472222222222223,1.3086419753086416,2.6450617283950617,1.6263645742560497,0.13608870967741948,38.0
Offences related to Marriage,-0.26666666666666666,3.666666666666667,0.8888888888888888,1.0814814814814815,1.039943018382008,0.3047619047619048,21.0
ATTEMPT TO MURDER (Sec. 307 IPC/109BNS) - Civil Disputes,-0.26666666666666666,31.666666666666664,6.192592592592593,62.63703703703704,7.914356388048054,0.007511737089201831,273.0
SCHEDULED CASTE AND THE SCHEDULED TRIBES - Scheduled Caste,-0.2833333333333334,110.86111111111111,8.9679012345679,124.82283950617281,11.172414220130438,0.004269253496159475,985.0
KARNATAKA STATE LOCAL ACTS - Karnataka Prohibition of Charging Exorbitant Interest Act 2004,-0.2833333333333334,2.9722222222222223,0.7728395061728395,1.2672839506172842,1.1257370699312004,0.2969178082191781,14.0
"Murder (Sec.302/303 IPC/103,104 BNS) - Revenge/Enemity",-0.28333333333333344,4.527777777777779,1.750617283950617,4.4524691358024695,2.110087471125894,0.10730198019801984,28.0
"SUICIDE (Sec.305, 306, 309 IPC/107,108 BNS) - Attempt to Commit suicide",-0.2833333333333335,7.8611111111111125,0.9382716049382714,1.4895061728395056,1.2204532653237918,0.2643292682926832,58.0
CYBER CRIME (INFORMATION TECHNOLOGY ACT) - Email Spoofing / Fraud,-0.2833333333333335,4.527777777777779,1.862962962962963,4.674691358024692,2.1621034568273303,0.10272511848341226,28.0
"KIDNAPPING AND ABDUCTION (Sec.360, 361, 363 to 369 IPC/137(1)(A),137(1)(B),137(2),140 TO 142,97 BNS) - Procuration of Minor Girls - For other Purpose",-0.30000000000000004,3.5,0.6666666666666665,0.7333333333333333,0.8563488385776752,0.45000000000000007,18.0
DEATHS DUE TO RASHNESS/NEGLIGENCE (Sec.304(A) IPC/106 BNS) - Others,-0.3000000000000001,7.611111111111111,2.5432098765432096,9.498765432098766,3.082006721618038,0.05941320293398511,55.0
KARNATAKA POLICE ACT 1965 - House Gambling (79 & 80),-0.3333333333333335,23.77777777777778,4.197530864197531,35.358024691358025,5.946261404559845,0.02051983584131334,199.0
"RAPE (Sec.376, 376(A) to 376 (D) IPC/64 TO 71 BNS) - By Neighbours",-0.3499999999999999,4.861111111111111,1.5901234567901237,4.393209876543209,2.0959985392512106,0.15675355450236972,28.0
ARMS ACT 1966 - Factory Made - Prohibited Bore - In Other Area,-0.35000000000000003,5.638888888888889,1.4148148148148147,2.6154320987654316,1.6172297606603188,0.23794964028777,35.0
CYBER CRIME (INFORMATION TECHNOLOGY ACT) - CSAM (Child Pornography). Cyber Tip Line,-0.3666666666666667,3.5,1.7703703703703704,4.214814814814814,2.0530014161745758,0.17536231884057973,15.0
MOLESTATION (Sec.354 IPC/74 BNS) - Other Places,-0.3833333333333337,221.25,14.42222222222222,323.4648148148148,17.985127600737638,0.003019406392694046,1974.0
"OFFENCES AGAINST PUBLIC SERVANTS (Public servant is a victim) (Sec 182-188, 332, 333, 353 IPC/217-223,121(1),121(2), 132 BNS) - Attempt to Commit",-0.4000000000000001,3.666666666666667,1.1703703703703703,2.0444444444444443,1.429840705968481,0.34285714285714275,15.0
ATTEMPT TO MURDER (Sec. 307 IPC/109BNS) - Due to Personal Vendetta or enemity,-0.4000000000000001,8.444444444444445,3.1160493827160494,12.513580246913582,3.5374539215251386,0.07854545454545447,58.0
THEFT (Sec.379 to 389 IPC/303(2) TO 308(7) BNS) - Extortion,-0.41666666666666663,24.63888888888889,2.4938271604938276,9.089506172839506,3.014880789158919,0.11295180722891562,203.0
CYBER CRIME (INFORMATION TECHNOLOGY ACT) - ATM Fraud,-0.41666666666666663,3.3055555555555554,0.95679012345679,1.4598765432098764,1.2082535094961968,0.4422169811320755,11.0
Attempt to Commit Murder for dowry by other means (Sec.307 IPC),-0.41666666666666674,3.416666666666667,0.8148148148148149,1.287037037037037,1.1344765475923408,0.4734848484848486,12.0
DOWRY DEATHS (Sec.304(B) IPC/80 BNS) - By Husband And Relatives In Law,-0.41666666666666674,5.083333333333334,0.8888888888888888,1.0648148148148147,1.0318986456114838,0.5208333333333334,27.0
"OFFENCES AGAINST PUBLIC SERVANTS (Public servant is a victim) (Sec 182-188, 332, 333, 353 IPC/217-223,121(1),121(2), 132 BNS) - Judicial Official",-0.41666666666666674,4.083333333333334,0.5740740740740741,0.3981481481481482,0.6309898162000305,0.7440476190476191,18.0
CYBER CRIME (INFORMATION TECHNOLOGY ACT) - Deep Fake/Deep Nudes,-0.43333333333333335,4.055555555555555,0.8370370370370368,1.0691358024691358,1.0339902332561637,0.5393617021276595,17.0
Attempting to commit offences (Sec.511 IPC/62 BNS) - Attempting to commit offences,-0.43333333333333357,21.055555555555557,3.390123456790123,15.735802469135804,3.9668378425561843,0.07369186046511622,170.0
"NEGLIGENT ACT (Sec.280 to 289, 336 to 338 except 283 IPC/282 to 291,125 to 125(b) except 285 BNS) - Death Causeed By Electric Shock",-0.45000000000000007,9.25,4.144444444444444,24.650000000000002,4.964876634922564,0.05192307692307685,63.0
"DACOITY (Sec. 395 to 398 IPC/310(2),310(4),311,312 BNS) - Preparation And Assembly for Dacoity",-0.4500000000000001,7.138888888888889,1.5234567901234566,3.415432098765431,1.8480887691789676,0.2832901554404147,44.0
KARNATAKA STATE LOCAL ACTS - Other Local Acts,-0.45000000000000023,17.13888888888889,7.476543209876543,73.63765432098765,8.581238507406006,0.0180029634507739,134.0
CRIMINAL TRESPASS (Sec.447 to 452 IPC/329(3) TO 333 BNS) - Others,-0.4833333333333333,19.083333333333336,3.603703703703703,18.220370370370365,4.268532578108121,0.07874531835206,150.0
INDIAN MOTOR VEHICLE,-0.48333333333333345,9.75,3.333333333333333,23.33148148148148,4.830267226715462,0.06257440476190479,66.0
"FORGERY (Sec. 465, 468, 471, 473, 476, 477 & 477(A) IPC/336(2),336(3),340(2),341(2),342(2),343,
344 BNS) - Other Forgery",-0.49999999999999994,16.944444444444443,4.283950617283951,27.469135802469136,5.241100628920336,0.05720338983050843,130.0
CYBER CRIME (INFORMATION TECHNOLOGY ACT) - Hacking of Accounts & Ids,-0.5000000000000001,15.277777777777779,7.08641975308642,68.06172839506172,8.249953235931809,0.023902266288951868,115.0
ATTEMPT TO MURDER (Sec. 307 IPC/109BNS) - Revenge/Enemity,-0.5000000000000002,23.166666666666668,3.2222222222222223,15.444444444444445,3.929942040850532,0.09740259740259738,186.0
CYBER CRIME (INFORMATION TECHNOLOGY ACT) - Business Fraud,-0.5166666666666665,12.916666666666666,4.37037037037037,27.10925925925926,5.206655285234395,0.06160256410256404,93.0
COPY RIGHT ACT 1958 - By Individual,-0.5166666666666667,8.805555555555555,1.5074074074074073,4.39320987654321,2.095998539251211,0.2882999999999999,56.0
CONSUMER - Liquified Petroleum Gas Supply & Control Order 2000,-0.5333333333333335,10.88888888888889,2.5580246913580247,8.054320987654322,2.838013563683994,0.19057071960297767,74.0
"Murder (Sec.302/303 IPC/103,104 BNS) - Civil Disputes",-0.5333333333333335,6.666666666666668,1.1259259259259262,1.6592592592592597,1.2881223774390613,0.5333333333333332,36.0
CYBER CRIME (INFORMATION TECHNOLOGY ACT) - Phishing (Taking Password & Information),-0.5666666666666668,5.833333333333334,2.0666666666666664,6.0814814814814815,2.466065992929119,0.26036036036036037,27.0
The Prohibition of Child Marriage Act - 2006 - The Prohibition of Child Marriage Act - 2006,-0.6000000000000001,4.333333333333334,2.311111111111112,11.822222222222225,3.4383458555273676,0.16874999999999973,12.0
Kidnapping - Kidnapping,-0.6000000000000001,4.333333333333334,2.311111111111112,11.822222222222225,3.4383458555273676,0.16874999999999973,12.0
Juvenile Justice Act - Juvenile Justice Act,-0.6000000000000001,4.333333333333334,2.311111111111112,11.822222222222225,3.4383458555273676,0.16874999999999973,12.0
Juvenile Justice Act,-0.6333333333333334,13.833333333333332,5.333333333333333,63.32592592592592,7.957758850701994,0.04051627384960732,96.0
"NEGLIGENT ACT (Sec.280 to 289, 336 to 338 except 283 IPC/282 to 291,125 to 125(b) except 285 BNS) - Machinery - Related",-0.65,13.25,2.811111111111111,9.183333333333332,3.030401513551188,0.23472222222222228,90.0
Kidnapping & Abduction of Women: (Sec.366 IPC),-0.6500000000000001,10.25,4.888888888888889,29.40555555555555,5.422688959875493,0.08741379310344832,63.0
THEFT (Sec.379 to 389 IPC/303(2) TO 308(7) BNS) - Of Cycle,-0.6500000000000002,5.694444444444446,1.3716049382716053,2.7635802469135804,1.6624019510676653,0.5047566371681416,22.0
"OFFENCES AGAINST PUBLIC SERVANTS (Public servant is a victim) (Sec 182-188, 332, 333, 353 IPC/217-223,121(1),121(2), 132 BNS) - Public Sector Undertaking Official",-0.6833333333333336,14.750000000000002,1.7851851851851857,3.9981481481481485,1.9995369834409535,0.43776041666666654,102.0
"ARSON (Sec. 435, 436, 438 IPC/326(f),326(g),327(g) BNS) - Others",-0.6833333333333336,12.63888888888889,1.460493827160494,3.0598765432098762,1.7492502803229377,0.5043,83.0
CULPABLE HOMICIDE NOT AMOUNTING TO MUDER (Sec.304 IPC/105 BNS) - Due to Other Causes,-0.7000000000000001,10.38888888888889,2.479012345679012,8.16543209876543,2.857522020696504,0.28574514038876897,62.0
"OFFENCES AGAINST PUBLIC SERVANTS (Public servant is a victim) (Sec 182-188, 332, 333, 353 IPC/217-223,121(1),121(2), 132 BNS) - Police Personnel",-0.7166666666666668,45.69444444444445,3.3604938271604947,20.452469135802467,4.52244061716707,0.14340744570837638,379.0
"Robbery (Sec.392 to 394 IPC/309(4),309(5),309(6) BNS) - At Residential Premises",-0.7166666666666668,13.916666666666668,1.9888888888888887,5.242592592592592,2.2896708480898718,0.3950854700854701,93.0
THEFT (Sec.379 to 389 IPC/303(2) TO 308(7) BNS) - Of Automobiles - Of Tractors,-0.7333333333333334,11.11111111111111,1.7876543209876543,4.217283950617283,2.053602675937408,0.45949367088607607,67.0
"BURGLARY - NIGHT (Sec. 380 IPC R/W 453 TO 460, 462 IPC/305,R/W 331(1) TO 331(8),334(2) BNS) - In Other Places",-0.7333333333333335,43.11111111111111,4.479012345679012,37.99506172839507,6.164013443236077,0.0862232779097385,355.0
THEFT (Sec.379 to 389 IPC/303(2) TO 308(7) BNS) - In Running Bus,-0.7833333333333334,12.25,1.6333333333333335,4.353703703703703,2.0865530675503328,0.4844298245614036,75.0
KARNATAKA STATE LOCAL ACTS - Karnataka Lottery Act,-0.8166666666666669,10.083333333333334,2.7074074074074073,10.442592592592593,3.231500053008292,0.2986318407960199,54.0
"CYBER CRIME (INFORMATION TECHNOLOGY ACT) - Gifts, iPhone & Lottery Fraud",-0.8666666666666669,14.333333333333336,4.029629629629629,23.881481481481483,4.886868269299008,0.17333333333333334,90.0
COPY RIGHT ACT 1957 - By Company,-0.8833333333333334,16.305555555555557,3.7061728395061726,16.89691358024691,4.110585551992187,0.2353910614525141,107.0
MOTOR VEHICLE ACCIDENTS FATAL (Sec.304(A) IPC/106 BNS) - Other Places,-0.8833333333333335,16.75,3.15925925925926,15.909259259259263,3.9886412798419544,0.24640350877192962,111.0
MOLESTATION (Sec.354 IPC/74 BNS) - Public Place,-0.8833333333333339,182.9722222222222,8.101234567901239,84.82283950617288,9.209931569027692,0.057782501371365536,1607.0
CYBER CRIME (INFORMATION TECHNOLOGY ACT) - Loan App,-0.9166666666666669,19.916666666666668,4.5555555555555545,38.84259259259259,6.232382577521424,0.12604166666666683,138.0
"ARSON (Sec. 435, 436, 438 IPC/326(f),326(g),327(g) BNS) - Agricultural Produce",-0.9166666666666669,8.027777777777779,1.71604938271605,5.756172839506174,2.3992025424099097,0.4932065217391304,31.0
EXPOSURE AND ABANDONMENT OF CHILD (Sec.317 IPC/93 BNS) - IPC 174 A/BNS 209,-0.9500000000000004,6.8611111111111125,3.65925925925926,29.637654320987647,5.4440476045849975,0.1687500000000003,19.0
THEFT (Sec.379 to 389 IPC/303(2) TO 308(7) BNS) - Of Automobies - of Three Wheelers,-0.9999999999999999,24.333333333333332,3.7777777777777786,26.0,5.0990195135927845,0.20408163265306123,174.0
THEFT (Sec.379 to 389 IPC/303(2) TO 308(7) BNS) - Of Accessories of Motor Vehicle,-1.0000000000000002,25.88888888888889,3.061728395061729,15.654320987654323,3.956554181058857,0.2986725663716814,188.0
CYBER CRIME (INFORMATION TECHNOLOGY ACT) - Fedex,-1.0000000000000004,8.111111111111112,1.4567901234567904,3.2098765432098757,1.791612832955233,0.675,28.0
"RIOTS (Sec.141 to 153 IPC/189(1) TO 189(6),191(1)TO 191(3), 190,192,195 BNS)) - Others",-1.0166666666666673,199.86111111111111,15.132098765432097,335.5043209876542,18.316777036030498,0.020125117184683572,1753.0
CYBER CRIME (INFORMATION TECHNOLOGY ACT) - OLX Fraud,-1.05,18.805555555555557,4.228395061728396,28.67469135802469,5.354875475491908,0.20402673063742305,122.0
Offences against Public Servants (Sec.182-188-333-353 IPC),-1.05,12.472222222222221,4.386419753086419,25.26728395061728,5.026657333717635,0.22534065102195333,65.0
Immoral Traffic (prevention) Act.,-1.0500000000000003,30.25,10.444444444444443,183.7611111111111,13.555851545038072,0.03845930232558148,225.0
INSULTING MODESTY OF WOMEN (EVE TEASING) (Sec.509 IPC/79 BNS) - Other Places,-1.0500000000000003,26.361111111111114,2.579012345679013,8.970987654320988,2.9951607059256418,0.45034039334341913,190.0
"BURGLARY - NIGHT (Sec. 380 IPC R/W 453 TO 460, 462 IPC/305,R/W 331(1) TO 331(8),334(2) BNS) - At Residential Premises",-1.0833333333333335,199.52777777777777,12.0,242.27469135802468,15.565175596761659,0.03128393720999101,1747.0
THEFT (Sec.379 to 389 IPC/303(2) TO 308(7) BNS) - Of Snatching,-1.116666666666667,52.69444444444445,9.482716049382717,129.78580246913577,11.392357195468186,0.060195780439835644,424.0
"Robbery (Sec.392 to 394 IPC/309(4),309(5),309(6) BNS) - Chain Snatching",-1.1666666666666667,43.05555555555556,4.9753086419753085,49.76543209876543,7.054461857488878,0.15421737305916916,335.0
CHILDREN ACT - Juvenile Justice Act 1986,-1.2333333333333336,18.166666666666668,4.651851851851852,41.63703703703703,6.452676734273695,0.1958512160228899,108.0
Dowry Death-by other Means (Sec.304(B) IPC),-1.2500000000000002,12.583333333333334,3.3333333333333335,16.916666666666668,4.112987559751022,0.38109756097560976,57.0
"CYBER CRIME (INFORMATION TECHNOLOGY ACT) - Crypto Currency, Bitcoin, etc.",-1.3500000000000005,12.972222222222225,2.2086419753086424,8.245061728395061,2.8714215518441493,0.5957324455205812,56.0
CYBER CRIME (INFORMATION TECHNOLOGY ACT) - Others,-1.4166666666666654,148.63888888888886,43.35185185185187,3423.5339506172836,58.51097290779981,0.0038929200043106293,1274.0
CRIMINAL TRESPASS (Sec.447 to 452 IPC/329(3) TO 333 BNS) - House,-1.4333333333333336,67.27777777777779,4.412345679012344,22.84691358024689,4.779844514233376,0.37479729729729794,541.0
CYBER CRIME (INFORMATION TECHNOLOGY ACT) - Fake Customer Care,-1.4999999999999998,29.72222222222222,7.037037037037037,72.95061728395063,8.541113351545608,0.17055025266704082,200.0
"CASES OF HURT (Sec. 323 to 335 IPC except 328, 332, 333/115(2) TO 122(2) EXCEPT 121(1),121(2) BNS) - Grievous Hurt",-1.5000000000000002,98.27777777777777,8.469135802469136,100.95061728395063,10.047418438780712,0.12936541737649043,817.0
"KIDNAPPING AND ABDUCTION (Sec.360, 361, 363 to 369 IPC/137(1)(A),137(1)(B),137(2),140 TO 142,97 BNS) - Others",-1.6000000000000003,50.22222222222222,2.8691358024691365,11.550617283950626,3.398619908720395,0.5963761863675578,380.0
"SUICIDE (Sec.305, 306, 309 IPC/107,108 BNS) - Other Reasons",-1.6166666666666665,31.86111111111111,1.5802469135802468,3.859876543209877,1.9646568512617864,0.8186484918793503,214.0
CYBER CRIME (INFORMATION TECHNOLOGY ACT) - Job Fraud,-1.7500000000000002,54.19444444444444,14.086419753086421,330.94135802469134,18.1917937000366,0.058107870695713104,409.0
Abetment of Suicide (Sec.306 IPC),-1.8333333333333341,17.277777777777782,4.851851851851851,37.91358024691357,6.157400445554404,0.3714695047073272,73.0
ATTEMPT TO MURDER (Sec. 307 IPC/109BNS) - Due to Other Causes,-2.016666666666667,193.75,21.19259259259259,576.6648148148147,24.013846314466466,0.04490553306342793,1653.0
"MOTOR VEHICLE ACCIDENTS NON-FATAL (Sec.279, 337, 338 IPC/281,125(a),125(b) BNS) - Other Places",-2.1500000000000004,45.861111111111114,4.74074074074074,33.059876543209874,5.749771868797046,0.48244105141090066,316.0
THEFT (Sec.379 to 389 IPC/303(2) TO 308(7) BNS) - Other Items Not Included Above,-2.2166666666666663,150.97222222222223,11.383950617283947,162.89691358024675,12.763107520515792,0.1674249116607781,1259.0
Murder for other reasons,-2.5333333333333337,39.44444444444444,6.997530864197531,76.49876543209876,8.746357266433767,0.35868350238045965,241.0
CYBER CRIME (INFORMATION TECHNOLOGY ACT) - Credit Card Fraud,-2.5833333333333326,68.47222222222221,16.851851851851855,463.0895061728395,21.51951454314989,0.08765262441017663,500.0
CYBER CRIME (INFORMATION TECHNOLOGY ACT) - Social Media Cases (Instagram/Facebook/Whatsapp/X /Telegram etc),-2.6500000000000004,47.80555555555556,16.93827160493827,400.98580246913576,20.02462989593405,0.10454758491398342,311.0
CYBER CRIME (INFORMATION TECHNOLOGY ACT) - Digital Arrest,-3.3166666666666664,39.361111111111114,12.08395061728395,197.7265432098765,14.061527058249274,0.270547914009838,205.0
"RAPE (Sec.376, 376(A) to 376 (D) IPC/64 TO 71 BNS) - Known Person",-3.350000000000001,50.30555555555556,5.139506172839505,41.20802469135803,6.419347684255623,0.644834007235582,302.0
EXPOSURE AND ABANDONMENT OF CHILD (Sec.317 IPC/93 BNS) - IPC 229 A/BNS 269,-3.5500000000000016,25.638888888888896,13.674074074074076,413.85987654320985,20.343546311870256,0.16875000000000018,71.0
Rape (Sec. 376 IPC) - 1.3  other Cases of Rape,-3.7333333333333347,80.00000000000001,27.718518518518515,1063.0814814814814,32.604930324745084,0.08037934127899526,552.0
CRIMINAL TRESPASS (Sec.447 to 452 IPC/329(3) TO 333 BNS) - Dowry Harassment,-4.133333333333332,27.55555555555555,12.246913580246915,265.758024691358,16.30208651343005,0.30000000000000016,62.0
KARNATAKA POLICE ACT 1967 - Others,-4.2,68.33333333333334,6.622222222222226,73.28888888888892,8.56089299599574,0.6160651920838183,426.0
THEFT (Sec.379 to 389 IPC/303(2) TO 308(7) BNS) - Jewellery,-4.616666666666669,151.41666666666669,19.151851851851852,557.0203703703703,23.601278998612983,0.20324486119940677,1155.0
"NEGLIGENT ACT (Sec.280 to 289, 336 to 338 except 283 IPC/282 to 291,125 to 125(b) except 285 BNS) - Other - Related",-4.750000000000002,150.86111111111111,55.42592592592593,5697.237654320987,75.48004805457524,0.025722564708862916,1144.0
"MOTOR VEHICLE ACCIDENTS NON-FATAL (Sec.279, 337, 338 IPC/281,125(a),125(b) BNS) - Other Roads",-4.8500000000000005,1187.6944444444443,13.571604938271573,275.65246913580154,16.602784981315683,0.3626077647730538,10471.0
Insulting modesty (Eve-Teasing) (Sec.294 & 509 IPC if victim is a woman),-4.916666666666669,50.027777777777786,12.00617283950617,179.75617283950612,13.40731788388364,0.4727221699138119,229.0
MOTOR VEHICLE ACCIDENTS FATAL (Sec.304(A) IPC/106 BNS) - National Highways,-4.950000000000001,329.4166666666667,24.04074074074074,1074.2055555555553,32.775075218152516,0.13199407434009713,2742.0
"CHEATING (Sec.417 to 420 IPC/318(2)to 318(4), 319(2) BNS)",-5.266666666666666,446.66666666666663,99.52592592592595,23671.748148148148,153.85625807274837,0.007751230341701221,3783.0
"CASES OF HURT (Sec. 323 to 335 IPC except 328, 332, 333/115(2) TO 122(2) EXCEPT 121(1),121(2) BNS) - Simple Hurt",-5.300000000000001,1308.611111111111,87.10123456790126,11704.387654320997,108.186818302051,0.01574773884371583,11539.0
"CYBER CRIME (INFORMATION TECHNOLOGY ACT) - OTP Frauds (KYC Update, Apk Link)",-5.633333333333333,73.38888888888889,17.520987654320987,483.05432098765436,21.9784967863513,0.3045748613678374,407.0
CRIMINAL TRESPASS (Sec.447 to 452 IPC/329(3) TO 333 BNS) - Husband And Relative(S) in Law,-6.000000000000001,40.0,17.77777777777778,560.0,23.664319132398465,0.30000000000000004,90.0
"NEGLIGENT ACT (Sec.280 to 289, 336 to 338 except 283 IPC/282 to 291,125 to 125(b) except 285 BNS) - Human - Related",-6.466666666666669,128.11111111111111,39.77777777777778,3216.943209876543,56.71810301726022,0.07975024191782576,862.0
KARNATAKA POLICE ACT 1963 - Gambling - Matka (78 Class C),-6.5,561.1666666666666,82.85185185185185,9625.666666666666,98.11048194085414,0.028430119103694196,4758.0
CRIMINAL TRESPASS (Sec.447 to 452 IPC/329(3) TO 333 BNS) - Husband,-6.533333333333331,43.55555555555554,19.358024691358022,663.9802469135802,25.76781416638944,0.30000000000000016,98.0
Attempt to Commit murder for other reasons,-6.916666666666667,103.13888888888889,27.277777777777782,1139.756172839506,33.760275070554535,0.21864473483758495,617.0
Offences under the SC & ST  (prevention of Atrocities)Act 1989 (if the victim is SC) - Offences under the SC & ST  (prevention of Atrocities)Act 1989 (if the victim is SC),-7.900000000000002,57.05555555555557,30.42962962962963,2049.513580246914,45.271553764443674,0.16874999999999996,158.0
THEFT (Sec.379 to 389 IPC/303(2) TO 308(7) BNS) - Of Sand,-7.983333333333335,144.58333333333334,15.244444444444447,347.7759259259258,18.6487513235049,0.549901735212348,942.0
KARNATAKA POLICE ACT 1966 - Betting,-8.31666666666667,104.69444444444446,62.76913580246914,8967.874691358023,94.69886319992455,0.048903761450112104,568.0
MOTOR VEHICLE ACCIDENTS FATAL (Sec.304(A) IPC/106 BNS) - State Highways,-10.000000000000002,279.22222222222223,11.358024691358025,242.17283950617286,15.561903466676975,0.733536187785264,2063.0
THEFT (Sec.379 to 389 IPC/303(2) TO 308(7) BNS) - Of Automobiles - Of Two Wheelers,-11.533333333333331,794.7777777777777,40.06913580246914,2271.980246913579,47.6652939455279,0.2807379035409995,6634.0
POCSO Act - POCSO Act,-13.200000000000001,95.33333333333333,50.84444444444445,5721.955555555554,75.64360882160207,0.16875000000000007,264.0
MOTOR VEHICLE ACCIDENTS FATAL (Sec.304(A) IPC/106 BNS) - Other Roads,-13.433333333333335,375.61111111111114,10.839506172839505,219.21728395061726,14.80598811125476,0.8458655231680006,2776.0
KARNATAKA STATE LOCAL ACTS - Karnataka Excise Act 1965,-13.466666666666674,923.7777777777778,183.1753086419753,50737.68395061728,225.25026959055404,0.023274002170316055,7708.0
"MOTOR VEHICLE ACCIDENTS NON-FATAL (Sec.279, 337, 338 IPC/281,125(a),125(b) BNS) - National Highways",-15.000000000000002,938.7777777777778,54.8641975308642,4049.283950617284,63.6339842428343,0.2703051444742065,7774.0
KARNATAKA POLICE ACT 1964 - Street Gambling (87),-15.300000000000004,652.1666666666666,120.07407407407408,24427.17777777778,156.2919632539619,0.06005130616956689,5181.0
Kidnapping & Abduction of Children - Kidnapping & Abduction of Children,-17.200000000000006,124.22222222222226,66.25185185185185,9715.239506172838,98.56591452511785,0.16874999999999996,344.0
Sub Total - Sub Total,-17.35000000000001,125.3055555555556,66.82962962962964,9885.43024691358,99.4255009889997,0.16875000000000007,347.0
"MOTOR VEHICLE ACCIDENTS NON-FATAL (Sec.279, 337, 338 IPC/281,125(a),125(b) BNS) - State Highways",-17.766666666666666,696.1666666666667,27.311111111111117,1278.7481481481489,35.75958819880549,0.6220200560518478,5466.0
"KIDNAPPING AND ABDUCTION (Sec.360, 361, 363 to 369 IPC/137(1)(A),137(1)(B),137(2),140 TO 142,97 BNS) - Missing - Boy",-18.233333333333334,273.1666666666667,65.89629629629628,5693.192592592593,75.45324772726879,0.28021333782859925,1638.0
Cyber Crimes,-24.550000000000004,453.30555555555554,78.01728395061728,10188.674691358023,100.93896517875554,0.28282564640901264,2975.0
Cruelty by Husband or Relatives of Husband (Sec.498-A IPC),-28.23333333333333,305.5,78.37037037037037,8342.525925925926,91.33742894304572,0.3891242914869959,1479.0
"CYBER CRIME (INFORMATION TECHNOLOGY ACT) - Investment Fraud (Part Time Job, Task, Review)",-30.383333333333336,343.25,61.04814814814816,4951.687037037037,70.36822462615521,0.5541430724800074,1722.0
CYBER CRIME (INFORMATION TECHNOLOGY ACT) - Investment Fraud (Trading & Share Trading),-33.01666666666667,392.86111111111114,78.01728395061727,9416.837654320989,97.0403918701949,0.43558258806675654,2050.0
Outraging modesty (Molestation) (sec.354 IPC),-56.51666666666668,600.5833333333334,152.66666666666666,29977.998148148148,173.14155523197817,0.4153169718640517,2862.0
